{
  "test/integration/pages/RisksList.js.map": 1746779025922,
  "manifest.json": 1746610423137,
  "test/integration/pages/RisksList.js": 1746164116564,
  "test/integration/opaTests.qunit.js": 1746164116528,
  "test/integration/FirstJourney.js": 1746164116572,
  "test/testsuite.qunit.js": 1746164116516,
  "xs-app.json": 1746779020442,
  "test/integration/pages/RisksObjectPage.js": 1746164116564,
  "Component.js": 1746164116440,
  "Component-dbg.js": 1746164116440,
  "Component.js.map": 1746779025920,
  "test/integration/opaTests.qunit-dbg.js": 1746164116528,
  "test/integration/opaTests.qunit.js.map": 1746779025921,
  "test/integration/FirstJourney-dbg.js": 1746164116572,
  "test/integration/FirstJourney.js.map": 1746779025922,
  "test/testsuite.qunit-dbg.js": 1746164116516,
  "test/testsuite.qunit.js.map": 1746779025920,
  "test/integration/pages/RisksObjectPage-dbg.js": 1746164116564,
  "test/integration/pages/RisksObjectPage.js.map": 1746779025922,
  "test/integration/pages/RisksList-dbg.js": 1746164116564,
  "i18n/i18n.properties": 1746605948838,
  "Component-preload.js": 1746779026072,
  "Component-preload.js.map": 1746779026072,
  "test/integration/opaTests.qunit.html": 1746164116528,
  "test/testsuite.qunit.html": 1746164116508,
  "test/flpSandbox.html": 1746605948962,
  "index.html": 1746164116448
}